provider_name,email,location
"Aldridge, Marcus",marcus.aldridge@demo.com,CCD
"Barlow, Stephanie",stephanie.barlow@demo.com,CCD
"Beckett, James",james.beckett@demo.com,CCD
"Carver, Elena",elena.carver@demo.com,"CCD,NWI"
"Chen, David",david.chen@demo.com,"CCD,NWI"
"Cheng, Michelle",michelle.cheng@demo.com,CCD
"Coleman, Patrick",patrick.coleman@demo.com,CCD
"Cordova, Isabel",isabel.cordova@demo.com,CCD
"Denton, Rachel",rachel.denton@demo.com,CCD
"Devlin, Sean",sean.devlin@demo.com,CCD
"Donovan, Laura",laura.donovan@demo.com,CCD
"Escobar, Maria",maria.escobar@demo.com,CCD
"Farley, Christopher",christopher.farley@demo.com,CCD
"Fleming, Audrey",audrey.fleming@demo.com,CCD
"Foster, Nathan",nathan.foster@demo.com,"CCD,NWI"
"Garrett, Steven",steven.garrett@demo.com,CCD
"Gibson, Amanda",amanda.gibson@demo.com,"CCD,NWI"
"Goodwin, Eric",eric.goodwin@demo.com,"CCD,NWI"
"Hale, Samantha",samantha.hale@demo.com,CCD
"Harmon, Julia",julia.harmon@demo.com,CCD
"Hassan, Omar",omar.hassan@demo.com,CCD
"Hayes, Brittany",brittany.hayes@demo.com,CCD
"Huang, Victoria",victoria.huang@demo.com,CCD
"Jensen, Alicia",alicia.jensen@demo.com,"CCD,NWI"
"Jordan, Matthew",matthew.jordan@demo.com,CCD
"Kaufman, Rebecca",rebecca.kaufman@demo.com,CCD
"Kent, Daniel",daniel.kent@demo.com,"CCD,NWI"
"Kimura, Leslie",leslie.kimura@demo.com,"CCD,NWI"
"Lawson, Charles",charles.lawson@demo.com,CCD
"Mccartin, Michael",michael.mccartin@demo.com,CCD
"Marsh, Tyler",tyler.marsh@demo.com,CCD
"Maxwell, Diane",diane.maxwell@demo.com,"CCD,NWI"
"McCoy, Ethan",ethan.mccoy@demo.com,CCD
"Monroe, Brian",brian.monroe@demo.com,CCD
"Morton, Andrew",andrew.morton@demo.com,CCD
"Nash, Vanessa",vanessa.nash@demo.com,"CCD,NWI"
"Norris, Patricia",patricia.norris@demo.com,CCD
"Oliver, Jason",jason.oliver@demo.com,CCD
"Pierce, Hannah",hannah.pierce@demo.com,CCD
"Reyes, Diana",diana.reyes@demo.com,CCD
"Rhodes, Mark",mark.rhodes@demo.com,CCD
"Robinson, Tanya",tanya.robinson@demo.com,CCD
"Ross, Graham",graham.ross@demo.com,CCD
"Sato, Hiroshi",hiroshi.sato@demo.com,CCD
"Graves, Anya",anya.graves@demo.com,CCD
"Griffin, Jonathan",jonathan.griffin@demo.com,"CCD,NWI"
"Hughes, Nadia",nadia.hughes@demo.com,CCD
"Abbott, Claire",claire.abbott@demo.com,NWI
"Callahan, Thomas",thomas.callahan@demo.com,NWI
"Ingram, William",william.ingram@demo.com,NWI
"Malik, Samir",samir.malik@demo.com,NWI
"Montgomery, Elaine",elaine.montgomery@demo.com,NWI
"Nguyen, Kevin",kevin.nguyen@demo.com,NWI
"Stone, Alexandra",alexandra.stone@demo.com,NWI
"Shepherd, Megan",megan.shepherd@demo.com,NWI
